k,IG,PCA,RF Gini,Composite,Random (expected)
1,1.0,0.0,0.0,1.0,0.013
2,1.0,0.0,0.0,1.0,0.0263
3,1.0,0.0,0.0,1.0,0.04
4,1.0,0.0,0.1429,0.6,0.0541
5,0.6667,0.1111,0.1111,0.4286,0.0685
6,0.7143,0.0909,0.2,0.7143,0.0833
7,1.0,0.1667,0.1667,0.75,0.0986
8,1.0,0.3333,0.2308,0.7778,0.1143
9,1.0,0.2857,0.2,1.0,0.1304
10,0.8182,0.3333,0.3333,0.8182,0.1471
11,0.6923,0.375,0.2941,0.6923,0.1642
12,0.8462,0.4118,0.3333,0.7143,0.1818
13,0.8571,0.4444,0.4444,0.7333,0.2
14,0.8667,0.5556,0.4737,0.8667,0.2188
15,0.875,0.6667,0.5,0.875,0.2381
16,0.7778,0.6,0.6,0.8824,0.2581
17,0.7,0.619,0.5455,0.8889,0.2787
18,0.8,0.7143,0.5652,0.8947,0.3
19,0.8095,0.8095,0.5833,1.0,0.322
20,0.9048,0.7391,0.6667,1.0,0.3448
