subset,k,patterns_observed,patterns_possible,patterns_mixed_class,train_share_in_mixed_pct,ceiling_acc,ceiling_f1_macro,balanced_table_acc,balanced_table_f1_macro,balanced_table_bal_acc,features
GWO wrapper subset,6,40,64,10,33.4764,99.1954,97.0618,95.7531,90.1887,99.1744,
top-k composite,1,2,2,2,100.0,86.8998,15.4985,4.6072,4.4451,33.3303,
top-k composite,2,4,4,4,100.0,88.6456,23.5677,6.9251,12.6619,51.2336,
top-k composite,3,8,8,6,68.3035,91.1434,37.4519,41.8646,35.2852,70.0805,
top-k composite,4,15,16,6,41.2612,91.8965,43.5062,69.0648,45.8075,75.2973,
top-k composite,5,29,32,6,17.8589,94.9852,58.6864,90.9961,69.7965,89.2997,
top-k composite,6,40,64,7,14.3271,96.9884,71.9235,91.3543,72.2096,90.8312,
top-k composite,7,52,128,5,9.7177,97.4081,73.3094,94.5293,77.2632,91.4402,
top-k composite,8,64,256,1,4.132,98.9377,81.3911,96.5804,86.0803,96.0955,
top-k composite,9,72,512,1,4.132,98.9377,81.3911,96.5804,86.0803,96.0955,
top-k composite,10,83,1024,1,4.132,98.9377,81.3911,96.5804,86.0803,96.0955,
top-k composite,11,89,2048,1,3.7761,99.2892,92.4686,96.5804,86.0803,96.0955,
top-k composite,12,95,4096,1,3.7761,99.2892,92.4686,96.5804,86.0803,96.0955,
top-k composite,13,103,8192,1,3.4213,99.6414,94.3417,96.9327,88.3035,99.4088,
top-k composite,14,107,16384,1,3.4213,99.6414,94.3417,96.9327,88.3035,99.4088,
top-k composite,15,117,32768,1,3.4213,99.6414,94.3417,96.9327,88.3035,99.4088,
top-k composite,16,119,65536,1,3.4213,99.6414,94.3417,96.9327,88.3035,99.4088,
top-k composite,17,121,131072,1,3.4213,99.6414,94.3417,96.9327,88.3035,99.4088,
top-k composite,18,128,262144,1,3.0677,99.9993,99.9984,99.9993,99.9984,99.997,
top-k composite,19,131,524288,0,0.0,100.0,100.0,100.0,100.0,100.0,
top-k composite,20,131,1048576,0,0.0,100.0,100.0,100.0,100.0,100.0,
top-k composite,21,134,2097152,0,0.0,100.0,100.0,100.0,100.0,100.0,
top-k composite,22,135,4194304,0,0.0,100.0,100.0,100.0,100.0,100.0,
top-k composite,23,139,8388608,0,0.0,100.0,100.0,100.0,100.0,100.0,
top-k composite,24,143,16777216,0,0.0,100.0,100.0,100.0,100.0,100.0,
top-k composite,25,155,33554432,0,0.0,100.0,100.0,100.0,100.0,100.0,
top-k composite,26,159,67108864,0,0.0,100.0,100.0,100.0,100.0,100.0,
top-k composite,27,166,134217728,0,0.0,100.0,100.0,100.0,100.0,100.0,
top-k composite,28,167,268435456,0,0.0,100.0,100.0,100.0,100.0,100.0,
top-k composite,29,172,536870912,0,0.0,100.0,100.0,100.0,100.0,100.0,
top-k composite,30,176,1073741824,0,0.0,100.0,100.0,100.0,100.0,100.0,
top-k composite,31,179,2147483648,0,0.0,100.0,100.0,100.0,100.0,100.0,
top-k composite,32,204,4294967296,0,0.0,100.0,100.0,100.0,100.0,100.0,
top-k composite,33,204,8589934592,0,0.0,100.0,100.0,100.0,100.0,100.0,
top-k composite,34,204,17179869184,0,0.0,100.0,100.0,100.0,100.0,100.0,
top-k composite,35,208,34359738368,0,0.0,100.0,100.0,100.0,100.0,100.0,
top-k composite,36,215,68719476736,0,0.0,100.0,100.0,100.0,100.0,100.0,
top-k IG,1,2,2,2,100.0,86.8998,15.4985,6.0115,5.4518,33.3333,
top-k IG,2,4,4,4,100.0,88.6456,23.5677,6.9251,12.6619,51.2336,
top-k IG,3,8,8,6,73.6837,91.1434,37.5054,36.7084,31.9616,69.0916,
top-k IG,4,15,16,6,41.2612,91.8965,43.5062,69.0648,45.8075,75.2973,
top-k IG,5,29,32,6,17.8589,94.9852,58.6864,90.9961,69.7965,89.2997,
top-k IG,6,42,64,2,8.6248,97.5377,77.6113,93.5308,81.118,95.5106,
top-k IG,7,52,128,2,7.5566,98.5794,80.5544,93.5308,81.118,95.5106,
top-k IG,8,61,256,2,7.5566,98.5794,80.5544,93.5308,81.118,95.5106,
top-k IG,9,68,512,2,7.5566,98.5794,80.5544,93.5308,81.118,95.5106,
top-k IG,10,79,1024,1,4.132,98.9377,81.3911,96.5804,86.0803,96.0955,
top-k IG,11,85,2048,1,4.132,98.9377,81.3911,96.5804,86.0803,96.0955,
top-k IG,12,92,4096,1,4.132,98.9377,81.3911,96.5804,86.0803,96.0955,
top-k IG,13,100,8192,1,4.132,98.9377,81.3911,96.5804,86.0803,96.0955,
top-k IG,14,107,16384,1,4.132,98.9377,81.3911,96.5804,86.0803,96.0955,
top-k IG,15,109,32768,1,4.132,98.9377,81.3911,96.5804,86.0803,96.0955,
top-k IG,16,112,65536,1,1.0646,99.6471,94.839,99.6471,94.839,96.6837,
top-k IG,17,116,131072,1,0.7088,99.6414,92.8443,99.6471,94.839,96.6837,
top-k IG,18,116,262144,1,0.7088,99.6414,92.8443,99.6471,94.839,96.6837,
top-k IG,19,118,524288,1,0.7088,99.6414,92.8443,99.6471,94.839,96.6837,
top-k IG,20,125,1048576,1,0.354,99.9993,99.9901,99.9993,99.9901,99.997,
top-k IG,21,128,2097152,1,0.354,99.9993,99.9901,99.9993,99.9901,99.997,
top-k IG,22,136,4194304,0,0.0,100.0,100.0,100.0,100.0,100.0,
top-k IG,23,140,8388608,0,0.0,100.0,100.0,100.0,100.0,100.0,
top-k IG,24,141,16777216,0,0.0,100.0,100.0,100.0,100.0,100.0,
top-k IG,25,144,33554432,0,0.0,100.0,100.0,100.0,100.0,100.0,
top-k IG,26,144,67108864,0,0.0,100.0,100.0,100.0,100.0,100.0,
top-k IG,27,159,134217728,0,0.0,100.0,100.0,100.0,100.0,100.0,
top-k IG,28,168,268435456,0,0.0,100.0,100.0,100.0,100.0,100.0,
top-k IG,29,175,536870912,0,0.0,100.0,100.0,100.0,100.0,100.0,
top-k IG,30,179,1073741824,0,0.0,100.0,100.0,100.0,100.0,100.0,
top-k IG,31,193,2147483648,0,0.0,100.0,100.0,100.0,100.0,100.0,
top-k IG,32,193,4294967296,0,0.0,100.0,100.0,100.0,100.0,100.0,
top-k IG,33,197,8589934592,0,0.0,100.0,100.0,100.0,100.0,100.0,
top-k IG,34,203,17179869184,0,0.0,100.0,100.0,100.0,100.0,100.0,
top-k IG,35,203,34359738368,0,0.0,100.0,100.0,100.0,100.0,100.0,
top-k IG,36,206,68719476736,0,0.0,100.0,100.0,100.0,100.0,100.0,
top-k RF Gini,1,2,2,2,100.0,86.8998,15.4985,6.0115,3.6345,33.3333,
top-k RF Gini,2,4,4,2,51.4108,86.8998,15.4985,54.6814,18.7839,42.6678,
top-k RF Gini,3,8,8,4,51.4108,86.8998,15.4985,56.4532,24.9117,59.3345,
top-k RF Gini,4,16,16,6,49.8813,90.5729,44.7734,61.9179,55.6155,86.9684,
top-k RF Gini,5,26,32,6,36.8352,93.1971,68.9827,72.1499,61.0918,88.9309,
top-k RF Gini,6,34,64,7,32.9892,93.1971,68.9827,76.6514,68.3244,92.717,
top-k RF Gini,7,45,128,8,29.9599,95.468,72.9,76.978,71.9007,94.1135,
top-k RF Gini,8,58,256,7,18.0613,97.2078,76.8694,87.4778,80.1734,96.1273,
top-k RF Gini,9,69,512,3,3.2803,99.5739,97.5145,99.5739,97.5145,98.4472,
top-k RF Gini,10,74,1024,2,0.7436,99.641,97.6628,99.641,97.6628,98.4601,
top-k RF Gini,11,84,2048,2,0.7436,99.641,97.6628,99.641,97.6628,98.4601,
top-k RF Gini,12,86,4096,2,0.7436,99.641,97.6628,99.641,97.6628,98.4601,
top-k RF Gini,13,95,8192,2,0.7436,99.641,97.6628,99.641,97.6628,98.4601,
top-k RF Gini,14,100,16384,1,0.0355,99.9993,99.9958,99.9993,99.9958,99.9917,
top-k RF Gini,15,106,32768,1,0.0355,99.9993,99.9958,99.9993,99.9958,99.9917,
top-k RF Gini,16,112,65536,0,0.0,100.0,100.0,100.0,100.0,100.0,
top-k RF Gini,17,119,131072,0,0.0,100.0,100.0,100.0,100.0,100.0,
top-k RF Gini,18,120,262144,0,0.0,100.0,100.0,100.0,100.0,100.0,
top-k RF Gini,19,127,524288,0,0.0,100.0,100.0,100.0,100.0,100.0,
top-k RF Gini,20,127,1048576,0,0.0,100.0,100.0,100.0,100.0,100.0,
top-k RF Gini,21,134,2097152,0,0.0,100.0,100.0,100.0,100.0,100.0,
top-k RF Gini,22,142,4194304,0,0.0,100.0,100.0,100.0,100.0,100.0,
top-k RF Gini,23,147,8388608,0,0.0,100.0,100.0,100.0,100.0,100.0,
top-k RF Gini,24,150,16777216,0,0.0,100.0,100.0,100.0,100.0,100.0,
top-k RF Gini,25,158,33554432,0,0.0,100.0,100.0,100.0,100.0,100.0,
top-k RF Gini,26,168,67108864,0,0.0,100.0,100.0,100.0,100.0,100.0,
top-k RF Gini,27,169,134217728,0,0.0,100.0,100.0,100.0,100.0,100.0,
top-k RF Gini,28,178,268435456,0,0.0,100.0,100.0,100.0,100.0,100.0,
top-k RF Gini,29,186,536870912,0,0.0,100.0,100.0,100.0,100.0,100.0,
top-k RF Gini,30,187,1073741824,0,0.0,100.0,100.0,100.0,100.0,100.0,
top-k RF Gini,31,200,2147483648,0,0.0,100.0,100.0,100.0,100.0,100.0,
top-k RF Gini,32,212,4294967296,0,0.0,100.0,100.0,100.0,100.0,100.0,
top-k RF Gini,33,230,8589934592,0,0.0,100.0,100.0,100.0,100.0,100.0,
top-k RF Gini,34,242,17179869184,0,0.0,100.0,100.0,100.0,100.0,100.0,
top-k RF Gini,35,247,34359738368,0,0.0,100.0,100.0,100.0,100.0,100.0,
top-k RF Gini,36,248,68719476736,0,0.0,100.0,100.0,100.0,100.0,100.0,
top-k PCA,1,2,2,2,100.0,86.8998,15.4985,2.1272,1.7877,33.325,
top-k PCA,2,4,4,3,80.5469,86.8998,15.4985,22.5849,11.477,41.9507,
top-k PCA,3,7,8,4,65.6723,86.8998,15.4985,38.1315,19.724,47.8523,
top-k PCA,4,13,16,6,61.7609,88.8373,33.1568,44.5097,29.1572,59.3172,
top-k PCA,5,22,32,10,54.0175,91.3689,46.9318,57.9409,47.4794,69.6652,
top-k PCA,6,33,64,12,51.8153,93.1321,58.047,61.0292,53.0665,77.1681,
top-k PCA,7,45,128,11,46.2898,93.7158,60.3468,63.5107,58.5202,78.1586,
top-k PCA,8,57,256,9,44.7725,94.0783,71.4514,63.9822,61.6758,78.249,
top-k PCA,9,76,512,11,43.2097,94.4227,73.1542,65.2249,64.0119,80.0877,
top-k PCA,10,83,1024,10,38.8814,94.5438,73.3407,69.0521,65.0117,80.8217,
top-k PCA,11,98,2048,8,30.7755,94.6123,73.4589,75.3536,66.8723,82.0303,
top-k PCA,12,127,4096,7,29.6501,95.5767,76.5581,75.7893,68.5478,83.188,
top-k PCA,13,137,8192,5,25.5234,95.7571,77.4972,79.0647,70.445,84.3423,
top-k PCA,14,139,16384,5,25.5234,95.7571,77.4972,79.0647,70.445,84.3423,
top-k PCA,15,143,32768,5,24.9903,96.2836,84.0786,79.5913,77.0144,93.2809,
top-k PCA,16,159,65536,5,18.3182,96.8126,85.0029,85.7135,83.8302,94.4551,
top-k PCA,17,168,131072,5,16.3093,99.2483,94.9959,99.2483,94.9959,97.048,
top-k PCA,18,182,262144,5,15.2412,99.248,94.8067,99.2483,94.9959,97.048,
top-k PCA,19,199,524288,4,15.06,99.2512,94.812,99.2515,95.0013,97.0487,
top-k PCA,20,207,1048576,2,11.9501,99.64,97.3847,99.6403,97.661,98.457,
top-k PCA,21,215,2097152,2,11.9501,99.64,97.3847,99.6403,97.661,98.457,
top-k PCA,22,217,4194304,2,11.9501,99.64,97.3847,99.6403,97.661,98.457,
top-k PCA,23,234,8388608,2,11.9501,99.64,97.3847,99.6403,97.661,98.457,
top-k PCA,24,236,16777216,2,11.9501,99.64,97.3847,99.6403,97.661,98.457,
top-k PCA,25,281,33554432,2,11.8915,99.64,97.3847,99.6403,97.661,98.457,
top-k PCA,26,343,67108864,2,11.8915,99.64,97.3847,99.6403,97.661,98.457,
top-k PCA,27,485,134217728,2,11.8915,99.64,97.3847,99.6403,97.661,98.457,
top-k PCA,28,489,268435456,2,11.7686,99.64,97.3847,99.6403,97.661,98.457,
top-k PCA,29,491,536870912,2,5.4306,99.64,97.3847,99.6403,97.661,98.457,
top-k PCA,30,492,1073741824,2,5.4306,99.64,97.3847,99.6403,97.661,98.457,
top-k PCA,31,556,2147483648,2,5.4306,99.64,97.3847,99.6403,97.661,98.457,
top-k PCA,32,561,4294967296,2,5.4306,99.64,97.3847,99.6403,97.661,98.457,
top-k PCA,33,570,8589934592,2,5.4306,99.64,97.3847,99.6403,97.661,98.457,
top-k PCA,34,571,17179869184,2,5.4306,99.64,97.3847,99.6403,97.661,98.457,
top-k PCA,35,583,34359738368,2,5.4306,99.64,97.3847,99.6403,97.661,98.457,
top-k PCA,36,585,68719476736,3,5.4306,99.64,97.3847,99.6403,97.661,98.457,
greedy forward,1,2,2,2,100.0,86.8998,15.4985,4.6072,4.4451,33.3303,DATA_316
greedy forward,2,4,4,3,93.3695,89.7527,23.4712,9.746,9.0026,39.1038,DATA_316;DATA_310
greedy forward,3,8,8,5,79.9825,92.5931,38.3247,28.3986,22.3845,58.331,DATA_316;DATA_310;ID15
greedy forward,4,15,16,7,70.102,95.0991,57.4077,63.3704,53.4543,72.6903,DATA_316;DATA_310;ID15;DATA_613
greedy forward,5,25,32,10,57.22,96.7274,72.0911,67.3712,64.0979,85.0759,DATA_316;DATA_310;ID15;DATA_613;DATA_415
greedy forward,6,39,64,11,49.9871,98.6565,91.945,98.6568,92.6458,93.6888,DATA_316;DATA_310;ID15;DATA_613;DATA_415;DATA_713
greedy forward,7,55,128,7,39.3647,99.5963,98.0379,87.6898,85.7161,97.6279,DATA_316;DATA_310;ID15;DATA_613;DATA_415;DATA_713;ID7
greedy forward,8,68,256,5,37.3375,99.9503,99.914,99.9503,99.914,99.9794,DATA_316;DATA_310;ID15;DATA_613;DATA_415;DATA_713;ID7;DATA_414
greedy forward,9,80,512,3,23.734,99.9986,99.9942,99.9986,99.9942,99.9886,DATA_316;DATA_310;ID15;DATA_613;DATA_415;DATA_713;ID7;DATA_414;ID8
greedy forward,10,87,1024,2,16.2513,99.9993,99.9984,99.9993,99.9984,99.997,DATA_316;DATA_310;ID15;DATA_613;DATA_415;DATA_713;ID7;DATA_414;ID8;ID9
greedy forward,11,94,2048,1,1.221,99.9993,99.9984,99.9993,99.9984,99.997,DATA_316;DATA_310;ID15;DATA_613;DATA_415;DATA_713;ID7;DATA_414;ID8;ID9;ID14
greedy forward,12,104,4096,0,0.0,100.0,100.0,100.0,100.0,100.0,DATA_316;DATA_310;ID15;DATA_613;DATA_415;DATA_713;ID7;DATA_414;ID8;ID9;ID14;ID11
all 75 features,75,3080,37778931862957161709568,0,0.0,100.0,100.0,100.0,100.0,100.0,
