BENIGN,DoS,Spoofing-GAS,Spoofing-RPM,Spoofing-SPEED,Spoofing-STEERING,n_classes
158214,4,0,0,0,0,2
105399,0,0,0,0,6,2
86635,0,0,0,0,0,1
82885,0,0,0,0,0,1
69102,0,0,0,0,0,1
49726,0,0,0,0,0,1
47969,0,0,0,0,0,1
42869,0,0,4,3997,0,3
41263,0,0,0,0,0,1
35988,0,0,0,0,0,1
34718,0,0,0,0,0,1
34634,0,0,0,0,0,1
34597,0,0,0,0,0,1
34483,0,0,0,0,0,1
33397,0,0,0,0,0,1
19959,0,0,0,0,0,1
17338,0,0,0,0,0,1
17256,0,0,0,0,0,1
8992,0,0,0,0,0,1
6887,0,0,0,0,0,1
6856,0,0,0,0,0,1
2313,0,0,0,0,0,1
1395,0,0,12034,0,0,2
1351,0,0,0,0,0,1
691,0,0,3980,0,0,2
689,3992,0,0,0,0,2
681,0,0,0,0,0,1
681,15890,0,0,0,0,2
677,0,0,0,0,0,1
664,0,0,0,3980,0,2
662,5992,0,0,0,0,2
18,0,0,0,0,15976,2
0,0,7993,0,0,0,1
0,0,0,0,3991,0,1
0,0,0,27902,0,0,1
0,0,0,0,7993,0,1
0,9940,0,0,0,0,1
0,5979,0,0,0,0,1
0,9936,0,0,0,0,1
0,7997,0,0,0,0,1
