target,seed,feature_set,n_features,n_classes,n_train,n_test,accuracy,f1_macro,balanced_acc,fit_s
IoMT,42,In-domain GWO wrapper subset,6,19,80000,20000,85.205,76.92403112632749,76.63416674595949,11.003359317779541
IoMT,42,Cross-domain GWO wrapper subset,7,19,80000,20000,75.715,60.85220665031633,62.11975528134116,10.913836002349854
IoMT,42,Consensus top-k (k=6),6,19,80000,20000,73.825,44.01329426046253,44.668584882209515,9.800151824951172
IoMT,42,Union of both GWO wrapper subsets,10,19,80000,20000,85.37,77.11401985426231,76.91099417062188,10.825284481048584
IoMT,42,Random k (k=6),6,19,80000,20000,75.33999999999999,48.61472735967135,51.27076184860887,9.217030048370361
IoMT,42,All 39 features,39,19,80000,20000,85.625,77.73849046490021,77.67165843020568,13.709069967269897
IoMT,43,In-domain GWO wrapper subset,6,19,80000,20000,85.625,72.67461728644166,72.39354206370511,16.16821026802063
IoMT,43,Cross-domain GWO wrapper subset,7,19,80000,20000,75.53,61.23554162051359,62.03634247279365,13.274564266204834
IoMT,43,Consensus top-k (k=6),6,19,80000,20000,73.955,43.25138318490837,44.84470022459878,9.695822954177856
IoMT,43,Union of both GWO wrapper subsets,10,19,80000,20000,85.795,74.76225807518443,73.61835387845022,10.639621257781982
IoMT,43,Random k (k=6),6,19,80000,20000,63.065000000000005,45.31983306518157,47.828535249647594,10.348387241363525
IoMT,43,All 39 features,39,19,80000,20000,85.98,77.03560877954789,76.84223078692195,13.960436820983887
IoMT,44,In-domain GWO wrapper subset,6,19,80000,20000,85.555,70.44741337780772,70.0269004670307,9.833374977111816
IoMT,44,Cross-domain GWO wrapper subset,7,19,80000,20000,75.615,56.33933543728894,57.05365410935232,9.628412008285522
IoMT,44,Consensus top-k (k=6),6,19,80000,20000,74.095,43.33135577963964,44.72095760870861,9.056893825531006
IoMT,44,Union of both GWO wrapper subsets,10,19,80000,20000,85.665,71.73236897351461,70.95164352725646,10.482175827026367
IoMT,44,Random k (k=6),6,19,80000,20000,33.51,33.123156936677276,34.833240102987325,9.3715078830719
IoMT,44,All 39 features,39,19,80000,20000,85.91,71.21394062431253,70.67862697718289,14.130375385284424
IoT,42,In-domain GWO wrapper subset,7,33,79997,20000,75.505,49.33463455148769,50.045243726155206,17.523473262786865
IoT,42,Cross-domain GWO wrapper subset,6,33,79997,20000,67.705,48.885331014880116,48.66583098742348,17.021981239318848
IoT,42,Consensus top-k (k=7),7,33,79997,20000,61.27,35.031019979012896,36.911114833554606,21.75106191635132
IoT,42,Union of both GWO wrapper subsets,10,33,79997,20000,76.21,52.550858707298275,52.407668149138985,18.307220935821533
IoT,42,Random k (k=7),7,33,79997,20000,47.53,38.6309783934589,39.137242531673586,17.941163539886475
IoT,42,All 39 features,39,33,79997,20000,78.125,56.89841820259552,56.5702623351657,23.87759280204773
IoT,43,In-domain GWO wrapper subset,7,32,79993,19999,75.9137956897845,53.0005135553097,52.87225808682585,17.244673252105713
IoT,43,Cross-domain GWO wrapper subset,6,32,79993,19999,67.92839641982098,51.48195633432231,50.94664469058687,16.936508417129517
IoT,43,Consensus top-k (k=7),7,32,79993,19999,61.03805190259513,37.468475959392414,38.430733401123554,20.584342002868652
IoT,43,Union of both GWO wrapper subsets,10,32,79993,19999,76.56882844142207,54.93539725080707,54.217735965173965,17.410529613494873
IoT,43,Random k (k=7),7,32,79993,19999,38.3719185959298,31.7332919933757,31.67404362058085,16.888195276260376
IoT,43,All 39 features,39,32,79993,19999,78.26391319565978,59.6816585052224,58.89167971665324,22.58424735069275
IoT,44,In-domain GWO wrapper subset,7,32,79996,19999,75.60878043902196,52.52453580639022,52.923149410695636,15.86624550819397
IoT,44,Cross-domain GWO wrapper subset,6,32,79996,19999,67.52837641882094,52.01124676838727,51.548901000056425,14.675739526748657
IoT,44,Consensus top-k (k=7),7,32,79996,19999,61.06305315265763,36.22426811120821,37.34864859247122,18.529571294784546
IoT,44,Union of both GWO wrapper subsets,10,32,79996,19999,76.28881444072204,55.97128045396865,55.92161732899735,16.101683378219604
IoT,44,Random k (k=7),7,32,79996,19999,54.152707635381766,39.54810203809435,38.81197461228031,13.785149812698364
IoT,44,All 39 features,39,32,79996,19999,77.93389669483474,61.456095130133704,61.1501878298072,20.234405755996704
