dataset,family,n_classes,support,share_pct,f1_mean,f1_min,f1_max,precision_mean,recall_mean
CICIoV2024,Benign,1,244748,86.8998,0.975,0.975,0.975,1.0,0.9511
CICIoV2024,DoS,1,14933,5.3021,0.9817,0.9817,0.9817,0.964,1.0
CICIoV2024,Spoofing,4,21963,7.7981,0.8637,0.4782,1.0,0.8172,0.9998
CICIoMT2024,Benign,1,3858,0.2761,0.895,0.895,0.895,0.8143,0.9935
CICIoMT2024,DDoS,4,955972,68.4069,0.8742,0.8458,0.9475,0.9152,0.8373
CICIoMT2024,DoS,4,361106,25.8398,0.7295,0.5716,0.8626,0.6675,0.8093
CICIoMT2024,MQTT,5,52588,3.7631,0.9103,0.7892,0.9936,0.9065,0.915
CICIoMT2024,Recon,4,20745,1.4845,0.5617,0.2825,0.8838,0.6399,0.5336
CICIoMT2024,Spoofing,1,3209,0.2296,0.7652,0.7652,0.7652,0.6846,0.8672
CICIoT2023,Benign,1,10136,2.3483,0.7178,0.7178,0.7178,0.6413,0.8151
CICIoT2023,BruteForce,1,121,0.028,0.009,0.009,0.009,0.0099,0.0083
CICIoT2023,DDoS,12,311909,72.2619,0.7894,0.2961,0.999,0.7682,0.8625
CICIoT2023,DoS,4,74240,17.1996,0.4983,0.2441,0.8154,0.6438,0.4411
CICIoT2023,Mirai,3,24144,5.5936,0.9498,0.9187,0.9925,0.9496,0.9524
CICIoT2023,Recon,5,6362,1.4739,0.2538,0.019,0.5341,0.3228,0.2316
CICIoT2023,Spoofing,2,4497,1.0418,0.3843,0.369,0.3996,0.4976,0.3151
CICIoT2023,Web,6,228,0.0528,0.0136,0.0,0.0219,0.0095,0.0281
