,precision,recall,f1-score,support,family,share
BACKDOOR_MALWARE,0.0071942446043165,0.037037037037037,0.0120481927710843,27.0,Web,6.255256152739455e-05
BENIGN,0.6412604781123875,0.8151144435674822,0.7178105994787142,10136.0,Benign,0.023482694949691522
BROWSERHIJACKING,0.0138888888888888,0.0188679245283018,0.016,53.0,Web,0.00012278836151673745
COMMANDINJECTION,0.0104166666666666,0.0212765957446808,0.0139860139860139,47.0,Web,0.00010888779228842755
DDOS-ACK_FRAGMENTATION,0.985244040862656,0.984126984126984,0.9846851956891662,2646.0,DDoS,0.006130151029684666
DDOS-HTTP_FLOOD,0.6594202898550725,0.6765799256505576,0.6678899082568808,269.0,DDoS,0.0006232088537358938
DDOS-ICMP_FLOOD,0.9995295331754992,0.9984082709274474,0.9989685874198,65966.0,DDoS,0.15282749161911513
DDOS-ICMP_FRAGMENTATION,0.9638009049773756,0.9761215629522432,0.9699221090473338,4146.0,DDoS,0.00960529333676214
DDOS-PSHACK_FLOOD,0.999707150843938,0.996470650674026,0.9980862770114026,37684.0,DDoS,0.08730484179993837
DDOS-RSTFINFLOOD,0.994723449845989,0.9989240948948304,0.996819346959591,37178.0,DDoS,0.08613256046168424
DDOS-SLOWLORIS,0.2944,0.8761904761904762,0.4407185628742515,210.0,DDoS,0.0004865199229908465
DDOS-SYNONYMOUSIP_FLOOD,0.436711918826665,0.8462142490411042,0.5761077413385423,33111.0,DDoS,0.07671029128642817
DDOS-SYN_FLOOD,0.5252284194736124,0.2061941217409925,0.2961325542057512,37358.0,DDoS,0.08654957753853354
DDOS-TCP_FLOOD,0.6484748191620036,0.9240549410477696,0.7621176730057844,41135.0,DDoS,0.09529998586775462
DDOS-UDP_FLOOD,0.734701337542577,0.8915997902972134,0.805582124085663,49594.0,DDoS,0.11489747171813353
DDOS-UDP_FRAGMENTATION,0.9758620689655172,0.975114854517611,0.9754883186518576,2612.0,DDoS,0.006051381137390909
DICTIONARYBRUTEFORCE,0.0099009900990099,0.0082644628099173,0.009009009009009,121.0,BruteForce,0.0002803281461042496
DNS_SPOOFING,0.4387417218543046,0.3183183183183183,0.3689523146536721,1665.0,Spoofing,0.003857407960855997
DOS-HTTP_FLOOD,0.7767379679144385,0.8581979320531757,0.8154385964912281,677.0,DoS,0.001568447561260967
DOS-SYN_FLOOD,0.5169856699068043,0.2775894538606403,0.3612239182187369,18585.0,DoS,0.043057013184689914
DOS-TCP_FLOOD,0.554559907501084,0.1564972673138102,0.2441072621433342,24518.0,DoS,0.05680235938995035
DOS-UDP_FLOOD,0.7270428802588996,0.4720288903479974,0.5724181861613186,30460.0,DoS,0.07056855644905326
MIRAI-GREETH_FLOOD,0.9790725326991676,0.9004811898512686,0.9381337586874786,9144.0,Mirai,0.021184467503944288
MIRAI-GREIP_FLOOD,0.8778636121470431,0.9635964912280702,0.9187343183718986,6840.0,Mirai,0.015846648920273286
MIRAI-UDPPLAIN,0.991921664626683,0.9931372549019608,0.9925290875688916,8160.0,Mirai,0.018904774150501465
MITM-ARPSPOOFING,0.5563957151858853,0.3117937853107345,0.3996379271328354,2832.0,Spoofing,0.006561068675762272
RECON-HOSTDISCOVERY,0.576427255985267,0.4976152623211446,0.5341296928327645,1258.0,Recon,0.0029144860148689754
RECON-OSSCAN,0.2468354430379747,0.0444191343963553,0.0752895752895752,878.0,Recon,0.0020341166304093487
RECON-PINGSWEEP,0.0116279069767441,0.0526315789473684,0.019047619047619,19.0,Recon,4.401846922298135e-05
RECON-PORTSCAN,0.369109947643979,0.1867549668874172,0.2480211081794195,755.0,Recon,0.0017491549612289956
SQLINJECTION,0.0147058823529411,0.0425531914893617,0.0218579234972677,47.0,Web,0.00010888779228842755
UPLOADING_ATTACK,0.0,0.0,0.0,13.0,Web,3.011789999467145e-05
VULNERABILITYSCAN,0.4098360655737705,0.3765932792584009,0.392512077294686,3452.0,Recon,0.007997460829354295
XSS,0.0109289617486338,0.048780487804878,0.0178571428571428,41.0,Web,9.498722306011765e-05
