target,bins,method,n_features,table_acc,table_acc_sd,table_f1,table_f1_sd,table_entries,selection_s,xgb_acc,xgb_acc_sd,xgb_f1,xgb_f1_sd
IoMT,4,SCS (k=6),6,65.803,0.576,34.497,1.998,224.333,0.772,,,,
IoMT,4,SCS (k=10),10,66.55,0.103,35.922,2.995,825.333,0.772,,,,
IoMT,4,GWO wrapper subset,6,63.105,0.528,27.915,2.886,110.0,,,,,
IoMT,8,SCS (k=6),6,80.948,0.612,51.425,1.302,722.0,0.739,85.548,0.26,74.787,0.73
IoMT,8,SCS (k=10),10,81.873,0.238,54.167,2.421,2626.333,0.739,85.613,0.233,71.863,2.171
IoMT,8,GWO wrapper subset,6,78.373,0.446,47.206,2.082,448.333,,,,,
IoMT,8,SCS curve,1,58.453,1.197,14.101,0.753,4.667,0.739,,,,
IoMT,8,SCS curve,2,67.89,1.006,25.824,1.623,39.667,0.739,,,,
IoMT,8,SCS curve,3,70.097,1.5,37.001,1.958,123.333,0.739,,,,
IoMT,8,SCS curve,4,73.595,2.681,44.101,2.299,253.0,0.739,,,,
IoMT,8,SCS curve,5,79.2,1.266,49.287,2.61,447.667,0.739,,,,
IoMT,8,SCS curve,6,80.948,0.612,51.425,1.302,722.0,0.739,,,,
IoMT,8,SCS curve,7,81.683,0.388,53.162,1.327,1031.0,0.739,,,,
IoMT,8,SCS curve,8,81.755,0.348,54.116,2.48,1432.0,0.739,,,,
IoMT,8,SCS curve,9,81.82,0.246,54.123,2.48,1937.0,0.739,,,,
IoMT,8,SCS curve,10,81.873,0.238,54.167,2.421,2626.333,0.739,,,,
IoMT,16,SCS (k=6),6,83.177,0.492,59.314,0.787,2275.0,0.958,,,,
IoMT,16,SCS (k=10),10,84.047,0.498,66.808,3.251,9305.667,0.958,,,,
IoMT,16,GWO wrapper subset,6,81.01,0.37,53.092,1.406,1760.667,,,,,
IoT,4,SCS (k=7),7,60.667,0.321,32.552,1.571,561.667,0.676,,,,
IoT,4,SCS (k=10),10,61.609,0.338,35.95,1.747,1713.0,0.676,,,,
IoT,4,GWO wrapper subset,7,54.008,0.279,21.547,0.651,183.667,,,,,
IoT,8,SCS (k=7),7,71.177,1.173,39.413,1.356,2044.667,0.723,76.216,0.264,53.378,2.305
IoT,8,SCS (k=10),10,73.197,0.328,45.446,0.808,6331.333,0.723,76.948,0.127,56.867,0.863
IoT,8,GWO wrapper subset,7,66.997,0.023,33.462,0.321,662.333,,,,,
IoT,8,SCS curve,1,36.15,0.101,5.852,0.185,4.0,0.723,,,,
IoT,8,SCS curve,2,40.048,0.129,14.211,0.63,29.0,0.723,,,,
IoT,8,SCS curve,3,49.258,0.481,19.839,0.122,86.667,0.723,,,,
IoT,8,SCS curve,4,52.51,0.658,25.28,1.375,280.0,0.723,,,,
IoT,8,SCS curve,5,60.954,0.55,30.441,2.49,629.667,0.723,,,,
IoT,8,SCS curve,6,69.622,0.518,35.123,2.283,1234.667,0.723,,,,
IoT,8,SCS curve,7,71.177,1.173,39.413,1.356,2044.667,0.723,,,,
IoT,8,SCS curve,8,71.949,0.417,42.218,0.677,3197.0,0.723,,,,
IoT,8,SCS curve,9,72.734,0.382,43.922,0.743,4672.333,0.723,,,,
IoT,8,SCS curve,10,73.197,0.328,45.446,0.808,6331.333,0.723,,,,
IoT,16,SCS (k=7),7,74.572,0.235,47.142,1.812,5252.333,1.217,,,,
IoT,16,SCS (k=10),10,75.027,0.589,51.51,0.867,22895.333,1.217,,,,
IoT,16,GWO wrapper subset,7,72.472,0.205,42.144,0.369,2325.333,,,,,
