target,seed,bins,method,n_features,table_acc,table_f1_macro,table_entries,selection_s,xgb_acc,xgb_f1_macro
IoMT,42,4,SCS (k=6),6,66.175,35.86862785148598,269,0.7928657531738281,,
IoMT,42,4,SCS (k=10),10,66.66499999999999,38.570932543976184,1081,0.7928657531738281,,
IoMT,42,4,GWO wrapper subset,6,63.42,31.168087652019256,120,,,
IoMT,42,8,SCS (k=6),6,80.7,51.71178513867191,661,0.7770912647247314,85.25500000000001,75.57828802930997
IoMT,42,8,SCS (k=10),10,81.625,52.65550400608255,2521,0.7770912647247314,85.345,71.8254461909042
IoMT,42,8,GWO wrapper subset,6,78.475,46.08664169810689,460,,,
IoMT,42,8,SCS curve,1,58.97,13.620440112046333,5,0.7770912647247314,,
IoMT,42,8,SCS curve,2,68.2,24.710499547046716,45,0.7770912647247314,,
IoMT,42,8,SCS curve,3,69.33,35.940836003799085,117,0.7770912647247314,,
IoMT,42,8,SCS curve,4,76.24,45.748618543981515,224,0.7770912647247314,,
IoMT,42,8,SCS curve,5,77.885,51.26916086064004,398,0.7770912647247314,,
IoMT,42,8,SCS curve,6,80.7,51.71178513867191,661,0.7770912647247314,,
IoMT,42,8,SCS curve,7,81.28,52.571822503474216,969,0.7770912647247314,,
IoMT,42,8,SCS curve,8,81.38499999999999,52.91607781626877,1371,0.7770912647247314,,
IoMT,42,8,SCS curve,9,81.62,52.81424975651867,1908,0.7770912647247314,,
IoMT,42,8,SCS curve,10,81.625,52.65550400608255,2521,0.7770912647247314,,
IoMT,42,16,SCS (k=6),6,83.05,59.822742542999244,2438,0.9762976169586182,,
IoMT,42,16,SCS (k=10),10,83.50999999999999,63.07906367976568,10303,0.9762976169586182,,
IoMT,42,16,GWO wrapper subset,6,80.965,51.991953520533954,1780,,,
IoMT,43,4,SCS (k=6),6,66.095,32.20414444917928,245,0.7895426750183105,,
IoMT,43,4,SCS (k=10),10,66.52,32.672425702809086,801,0.7895426750183105,,
IoMT,43,4,GWO wrapper subset,6,63.4,26.914867293567095,120,,,
IoMT,43,8,SCS (k=6),6,80.5,50.00377351765397,878,0.7249078750610352,85.64,74.6417796580246
IoMT,43,8,SCS (k=10),10,82.1,56.95885758774898,2925,0.7249078750610352,85.735,74.05240295966792
IoMT,43,8,GWO wrapper subset,6,78.75999999999999,49.60817618221536,479,,,
IoMT,43,8,SCS curve,1,59.305,13.71477841882692,5,0.7249078750610352,,
IoMT,43,8,SCS curve,2,68.705,25.075485833013527,45,0.7249078750610352,,
IoMT,43,8,SCS curve,3,71.825,35.80265271067435,152,0.7249078750610352,,
IoMT,43,8,SCS curve,4,73.665,41.47363949960503,328,0.7249078750610352,,
IoMT,43,8,SCS curve,5,80.41,46.33015440562424,591,0.7249078750610352,,
IoMT,43,8,SCS curve,6,80.5,50.00377351765397,878,0.7249078750610352,,
IoMT,43,8,SCS curve,7,82.055,52.23317031510657,1210,0.7249078750610352,,
IoMT,43,8,SCS curve,8,82.075,56.967615578887546,1630,0.7249078750610352,,
IoMT,43,8,SCS curve,9,82.095,56.9827052535096,2101,0.7249078750610352,,
IoMT,43,8,SCS curve,10,82.1,56.95885758774898,2925,0.7249078750610352,,
IoMT,43,16,SCS (k=6),6,82.76,59.71277279434718,2040,0.9897754192352295,,
IoMT,43,16,SCS (k=10),10,84.135,68.30520802889014,8539,0.9897754192352295,,
IoMT,43,16,GWO wrapper subset,6,81.39999999999999,54.67697057065871,1808,,,
IoMT,44,4,SCS (k=6),6,65.14,35.41808645780399,159,0.7331259250640869,,
IoMT,44,4,SCS (k=10),10,66.465,36.523052721259475,594,0.7331259250640869,,
IoMT,44,4,GWO wrapper subset,6,62.495,25.66149656521059,90,,,
IoMT,44,8,SCS (k=6),6,81.645,52.56089747375381,627,0.7139356136322021,85.75,74.14027955269545
IoMT,44,8,SCS (k=10),10,81.895,52.885987203195405,2433,0.7139356136322021,85.76,69.71063381951824
IoMT,44,8,GWO wrapper subset,6,77.885,45.92437147174169,406,,,
IoMT,44,8,SCS curve,1,57.084999999999994,14.968683430275947,4,0.7139356136322021,,
IoMT,44,8,SCS curve,2,66.765,27.686218853181575,29,0.7139356136322021,,
IoMT,44,8,SCS curve,3,69.135,39.26079648504379,101,0.7139356136322021,,
IoMT,44,8,SCS curve,4,70.88,45.07944699296505,207,0.7139356136322021,,
IoMT,44,8,SCS curve,5,79.305,50.262999600868355,354,0.7139356136322021,,
IoMT,44,8,SCS curve,6,81.645,52.56089747375381,627,0.7139356136322021,,
IoMT,44,8,SCS curve,7,81.715,54.68249831813176,914,0.7139356136322021,,
IoMT,44,8,SCS curve,8,81.805,52.4652606393894,1295,0.7139356136322021,,
IoMT,44,8,SCS curve,9,81.745,52.572090065758815,1802,0.7139356136322021,,
IoMT,44,8,SCS curve,10,81.895,52.885987203195405,2433,0.7139356136322021,,
IoMT,44,16,SCS (k=6),6,83.72,58.4072262926163,2347,0.9087707996368408,,
IoMT,44,16,SCS (k=10),10,84.495,69.04084948706206,9075,0.9087707996368408,,
IoMT,44,16,GWO wrapper subset,6,80.66499999999999,52.608409789438305,1694,,,
IoT,42,4,SCS (k=7),7,60.475,30.75157544409068,557,0.7317676544189453,,
IoT,42,4,SCS (k=10),10,61.36000000000001,34.12508173720487,1702,0.7317676544189453,,
IoT,42,4,GWO wrapper subset,7,54.144999999999996,20.797103394922974,183,,,
IoT,42,8,SCS (k=7),7,71.75,39.94124371408665,2117,0.8125600814819336,75.91499999999999,50.80209781914883
IoT,42,8,SCS (k=10),10,73.245,44.79741890455926,6330,0.8125600814819336,76.82,55.87397042628973
IoT,42,8,GWO wrapper subset,7,67.02,33.112868517721886,661,,,
IoT,42,8,SCS curve,1,36.265,5.668082265426095,4,0.8125600814819336,,
IoT,42,8,SCS curve,2,40.18,13.49309924306358,29,0.8125600814819336,,
IoT,42,8,SCS curve,3,49.535000000000004,19.7237530326309,87,0.8125600814819336,,
IoT,42,8,SCS curve,4,52.685,24.47047823997825,294,0.8125600814819336,,
IoT,42,8,SCS curve,5,61.17,28.98119897588611,629,0.8125600814819336,,
IoT,42,8,SCS curve,6,69.825,34.73273448280028,1261,0.8125600814819336,,
IoT,42,8,SCS curve,7,71.75,39.94124371408665,2117,0.8125600814819336,,
IoT,42,8,SCS curve,8,72.165,41.437303381415006,3340,0.8125600814819336,,
IoT,42,8,SCS curve,9,72.585,43.11165092742172,4636,0.8125600814819336,,
IoT,42,8,SCS curve,10,73.245,44.79741890455926,6330,0.8125600814819336,,
IoT,42,16,SCS (k=7),7,74.57000000000001,45.11105973097878,2981,1.1581923961639404,,
IoT,42,16,SCS (k=10),10,75.395,50.893288577638074,20939,1.1581923961639404,,
IoT,42,16,GWO wrapper subset,7,72.28999999999999,41.75162597962734,2286,,,
IoT,43,4,SCS (k=7),7,61.03805190259513,33.64517370101577,571,0.6423263549804688,,
IoT,43,4,SCS (k=10),10,61.99309965498275,36.1201434982123,1595,0.6423263549804688,,
IoT,43,4,GWO wrapper subset,7,54.192709635481776,21.9688821799995,181,,,
IoT,43,8,SCS (k=7),7,71.953597679884,40.424682827313255,2218,0.6746792793273926,76.40882044102206,54.086585664299015
IoT,43,8,SCS (k=10),10,73.49867493374668,45.189020896187515,7027,0.6746792793273926,77.07385369268464,57.431613505212844
IoT,43,8,GWO wrapper subset,7,66.99834991749587,33.53042745482292,662,,,
IoT,43,8,SCS curve,1,36.10680534026701,5.849812459509065,4,0.6746792793273926,,
IoT,43,8,SCS curve,2,40.04200210010501,14.67338143460288,29,0.6746792793273926,,
IoT,43,8,SCS curve,3,49.537476873843694,19.96740012587291,86,0.6746792793273926,,
IoT,43,8,SCS curve,4,53.062653132656635,26.86772525786528,286,0.6746792793273926,,
IoT,43,8,SCS curve,5,61.363068153407674,33.31528961960644,704,0.6746792793273926,,
IoT,43,8,SCS curve,6,70.00850042502125,37.57566946081397,1324,0.6746792793273926,,
IoT,43,8,SCS curve,7,71.953597679884,40.424682827313255,2218,0.6746792793273926,,
IoT,43,8,SCS curve,8,72.21361068053402,42.628714883383076,3508,0.6746792793273926,,
IoT,43,8,SCS curve,9,73.16865843292165,44.08249852244859,5231,0.6746792793273926,,
IoT,43,8,SCS curve,10,73.49867493374668,45.189020896187515,7027,0.6746792793273926,,
IoT,43,16,SCS (k=7),7,74.33871693584679,48.59185882191668,9956,1.379699468612671,,
IoT,43,16,SCS (k=10),10,74.34871743587179,51.134993403971826,26792,1.379699468612671,,
IoT,43,16,GWO wrapper subset,7,72.69363468173408,42.483824618484846,2337,,,
IoT,44,4,SCS (k=7),7,60.488024401220066,33.2594781067376,557,0.6543653011322021,,
IoT,44,4,SCS (k=10),10,61.47307365368269,37.606187195836725,1842,0.6543653011322021,,
IoT,44,4,GWO wrapper subset,7,53.68768438421922,21.876162881109686,187,,,
IoT,44,8,SCS (k=7),7,69.82849142457123,37.871754266509136,1799,0.6825344562530518,76.32381619080955,55.24470092080731
IoT,44,8,SCS (k=10),10,72.84864243212161,46.35043039197175,5637,0.6825344562530518,76.94884744237211,57.29493454101837
IoT,44,8,GWO wrapper subset,7,66.97334866743337,33.74407103930491,664,,,
IoT,44,8,SCS curve,1,36.076803840192014,6.0380737091108365,4,0.6825344562530518,,
IoT,44,8,SCS curve,2,39.92199609980499,14.465172966532302,29,0.6825344562530518,,
IoT,44,8,SCS curve,3,48.70243512175609,19.82498845296771,87,0.6825344562530518,,
IoT,44,8,SCS curve,4,51.78258912945647,24.50137717099364,260,0.6825344562530518,,
IoT,44,8,SCS curve,5,60.32801640082004,29.02509809034476,556,0.6825344562530518,,
IoT,44,8,SCS curve,6,69.03345167258364,33.06065820826953,1119,0.6825344562530518,,
IoT,44,8,SCS curve,7,69.82849142457123,37.871754266509136,1799,0.6825344562530518,,
IoT,44,8,SCS curve,8,71.46857342867143,42.588866184513556,2743,0.6825344562530518,,
IoT,44,8,SCS curve,9,72.44862243112155,44.571597118047826,4150,0.6825344562530518,,
IoT,44,8,SCS curve,10,72.84864243212161,46.35043039197175,5637,0.6825344562530518,,
IoT,44,16,SCS (k=7),7,74.80874043702185,47.72217136497133,2820,1.1141986846923828,,
IoT,44,16,SCS (k=10),10,75.33876693834691,52.50159763097314,20955,1.1141986846923828,,
IoT,44,16,GWO wrapper subset,7,72.43362168108406,42.195821955114965,2353,,,
