method,k,table_entries,table_entries_with_backoff,table_acc,table_f1_macro,features,selection_s
SCS,1,2,2,86.8998,15.4985,DATA_316,79.4297
SCS,2,4,6,89.5091,26.8148,DATA_316;DATA_415,79.4297
SCS,3,8,14,90.5803,48.0562,DATA_316;DATA_415;ID13,79.4297
SCS,4,15,29,94.7988,66.6564,DATA_316;DATA_415;ID13;ID8,79.4297
SCS,5,24,53,97.1425,75.8127,DATA_316;DATA_415;ID13;ID8;ID7,79.4297
SCS,6,40,93,99.0935,96.4898,DATA_316;DATA_415;ID13;ID8;ID7;DATA_713,79.4297
SCS,7,56,149,99.9368,99.633,DATA_316;DATA_415;ID13;ID8;ID7;DATA_713;DATA_411,79.4297
SCS,8,65,214,99.9986,99.9942,DATA_316;DATA_415;ID13;ID8;ID7;DATA_713;DATA_411;ID10,79.4297
SCS,9,76,290,99.9993,99.9958,DATA_316;DATA_415;ID13;ID8;ID7;DATA_713;DATA_411;ID10;ID16,79.4297
SCS,10,86,376,99.9993,99.9958,DATA_316;DATA_415;ID13;ID8;ID7;DATA_713;DATA_411;ID10;ID16;ID15,79.4297
SCS,11,98,474,100.0,100.0,DATA_316;DATA_415;ID13;ID8;ID7;DATA_713;DATA_411;ID10;ID16;ID15;DATA_613,79.4297
SCS,12,104,578,100.0,100.0,DATA_316;DATA_415;ID13;ID8;ID7;DATA_713;DATA_411;ID10;ID16;ID15;DATA_613;ID11,79.4297
GWO wrapper subset,6,40,98,99.1954,97.0618,ID11;ID12;ID16;DATA_316;DATA_415;DATA_713,
Top-k composite,6,40,98,96.9884,71.9235,DATA_316;ID8;ID15;ID11;ID14;DATA_116,
Top-k composite,8,64,214,98.9377,81.3911,DATA_316;ID8;ID15;ID11;ID14;DATA_116;DATA_611;ID9,
Top-k composite,12,95,553,99.2892,92.4686,DATA_316;ID8;ID15;ID11;ID14;DATA_116;DATA_611;ID9;DATA_012;DATA_016;DATA_610;DATA_311,
Top-k IG,6,42,100,97.5377,77.6113,ID8;DATA_316;ID11;ID15;ID14;ID9,
Top-k IG,8,61,213,98.5794,80.5544,ID8;DATA_316;ID11;ID15;ID14;ID9;DATA_116;DATA_012,
Top-k IG,12,92,537,98.9377,81.3911,ID8;DATA_316;ID11;ID15;ID14;ID9;DATA_116;DATA_012;ID12;DATA_611;ID16;DATA_311,
Top-k RF Gini,6,34,90,93.1971,68.9827,ID11;ID15;DATA_615;ID9;ID8;DATA_712,
Top-k RF Gini,8,58,193,97.2078,76.8694,ID11;ID15;DATA_615;ID9;ID8;DATA_712;DATA_414;ID10,
Top-k RF Gini,12,86,506,99.641,97.6628,ID11;ID15;DATA_615;ID9;ID8;DATA_712;DATA_414;ID10;ID16;ID7;DATA_116;DATA_09,
