feature,ig_score,pca_score,rf_score,composite_score,att_score,final_score
Header_Length,1.0,0.9665417658061819,0.05724747596875313,0.654266777760271,0.9804043991584191,1.0
Protocol Type,0.8800195558537279,0.6665801571347374,0.03420571704180713,0.5106009427107459,0.7652218447548803,0.7804478968918366
TCP,0.5631909401671266,0.9665214376956983,0.04243559559448005,0.5084386999415725,0.7619824022372176,0.777143262921094
syn_count,0.443602245774541,1.0,0.05241100647293335,0.4843123797289247,0.7258349949845587,0.7402696006721243
syn_flag_number,0.43597994832520104,0.9766532118847221,0.030729070757879437,0.4666169894424867,0.6993208022285752,0.7132240818801486
UDP,0.5119847111550251,0.8251907707007813,0.037149813338371876,0.4444410109478472,0.6660906942159022,0.6793297183986657
ICMP,0.48920131592032334,0.8420309455698243,0.034070211601269634,0.4414540265401895,0.661614578656876,0.6747642677284774
ack_count,0.22079767079686774,0.9495829575100891,0.05278044193194216,0.39646603078538406,0.5941925341740251,0.6060006368151059
ack_flag_number,0.22426058788913938,0.9676303016270494,0.027936596516049586,0.3945825158818504,0.5913695371476225,0.6031216318817569
fin_flag_number,0.08871187075716383,0.9829311966066386,0.015536496329529892,0.3515007854975437,0.5267938376607421,0.5372683800384551
fin_count,0.08849629944854823,0.9748279872820959,0.01950925005556493,0.3502258931991578,0.5248827367039175,0.5353195759673263
psh_flag_number,0.1336268643204877,0.9279075518467315,0.019681366485216154,0.3496566327417232,0.5240293957877492,0.5344494018957054
rst_count,0.14888387594511343,0.85357619521345,0.01665127344587737,0.32948454253073983,0.4937896299498682,0.503613903180363
Tot sum,0.031172229254991208,0.9069460791334083,0.052616267079012805,0.3216192950574641,0.48199833504432155,0.4915907283061698
Std,0.04128007673750634,0.9273622770873786,0.02479923182965834,0.32158277180876893,0.4819435799420505,0.4915348969650599
rst_flag_number,0.16058433166599978,0.8100862821347629,0.022095360920809146,0.321138746961401,0.4812779040373004,0.49085613726691046
Tot size,0.032713418150308884,0.9169755302029798,0.03917516879383819,0.3205790463947503,0.4804388072022982,0.4900005491176247
AVG,0.032713418150308884,0.9169755302029798,0.03434048297692653,0.3188614465933486,0.47786379037759347,0.48737493112921176
Number,0.07346183563184615,0.8537709824601574,0.04849161652559663,0.31658943095541014,0.4744575720779247,0.4839017948293206
HTTPS,0.00826037070443393,0.9458683393445234,0.008753670497195679,0.3112335067898417,0.46642783261767734,0.47571438081173917
Variance,0.027764882894210783,0.9060362718583402,0.023070635452234974,0.30973247626276085,0.46417742163267495,0.47341979927038486
Max,0.058747031973927805,0.8647256508666372,0.028673627447835238,0.30835152324484005,0.46210702555201694,0.47130877336508376
Min,0.0029729749092902436,0.905859804251406,0.015430983033523296,0.29898367055045355,0.4480619893631378,0.4569883030990189
IAT,9.946905504508647e-05,0.6797980626981257,0.10645255765843517,0.2573898809581224,0.38569560899435273,0.3934028322760144
DHCP,0.002913273589957073,0.683033474177557,6.070972313086385e-05,0.22154277995003077,0.3319385234376386,0.33860013408559503
Time_To_Live,0.03030377284961667,0.6109778945618102,0.025476379083409047,0.21611585482388398,0.3237995939593388,0.3303033155254359
cwr_flag_number,0.00016951179752023506,0.5776680610350832,2.566082520035496e-05,0.1866199552955875,0.2795609311486897,0.2852083818333356
ece_flag_number,9.876970715513995e-05,0.4602876092250169,0.0,0.14868038485535542,0.22265144290429031,0.22720215309837444
IPv,0.0039438324684333845,0.4169552735510797,0.013512935625758685,0.1407243052628071,0.2107163245705246,0.21503770784332085
ARP,0.0019183080648524197,0.4169552735510805,0.013108036901721529,0.13992867163339032,0.2095227557085269,0.21382121821101965
LLC,0.0039438324684333845,0.4169552735510798,0.00876663174483934,0.1390381045639442,0.2081867685632707,0.21245957816469635
Telnet,0.0007210436806354211,0.3915885379194177,1.8771891169853817e-05,0.1267011195345283,0.18967896546808366,0.1935967033511236
HTTP,0.0004721715114697225,0.3814231451847755,0.00017194280613398703,0.12339256691792243,0.184715375187249,0.18853798349428058
SMTP,0.0007737715506844795,0.3698572942287079,9.122994335674953e-05,0.11972578389423284,0.17921428882735901,0.1829315140060731
SSH,0.0007786544997671898,0.3039202748031331,2.8726223774436344e-05,0.09841097284039615,0.14723535545079922,0.1503409625767301
Rate,0.0002924392494148826,0.16053276702106617,0.09413879963689036,0.08538203412112792,0.12768665132325477,0.13041921323468264
IRC,0.0006654530416016931,0.25772669436185347,9.506532920304794e-05,0.08348002593509525,0.12483279036010458,0.12751094553053735
DNS,0.0018199591582361433,0.07395769370496848,0.0002610005116893739,0.02456279461447677,0.03642112072295186,0.03742047261518966
IGMP,4.109701648265248e-05,0.0008737412613723579,1.9199898168819625e-07,0.0002954649929293687,0.0,0.0003115443916955524
