feature,final_score,ig_score,pca_score,rf_score,composite_score,att_score
Header_Length,1.0,1.0,0.9228512207848346,0.07158752200456843,0.6758221202835161,0.9852010051252477
Protocol Type,0.9473097884720868,0.9715810566252042,0.8275373170729224,0.08893483841180316,0.6402355489427315,0.9332150919936966
TCP,0.8559603011882622,0.7140607568767292,0.9388003978785944,0.06460553806120975,0.5785424560484469,0.8430744476750572
UDP,0.7692534274273056,0.5738639843814313,0.8981196091245289,0.0767840174453127,0.5199890596661444,0.7575006588745538
ack_flag_number,0.7081659673627408,0.40639399369808354,0.9983386639520239,0.02911806539327221,0.47873903820910135,0.6972031140633104
syn_flag_number,0.7071651102879285,0.49700828771099953,0.888203303474436,0.04034393153888191,0.47806321506477906,0.6962151413136248
syn_count,0.7068642940557255,0.4915357446697039,0.8892322852854778,0.04462607155780793,0.4778600906947226,0.6959181972132783
ICMP,0.6981734953152896,0.43658369852730833,0.8323139693391752,0.14412318052425782,0.47199170232893634,0.6873391946724177
ack_count,0.6705900637428465,0.3531284438479404,0.9447399982408204,0.06282454947829871,0.453366501855743,0.6601096610398086
Tot sum,0.6615308223109191,0.3355862927306238,0.9805885996075699,0.02647265405808341,0.4472495095226851,0.6511663425433097
psh_flag_number,0.6521366360798598,0.3355151020023848,0.9318387228555883,0.056424836203875436,0.4409064035904073,0.6418922044103537
rst_flag_number,0.6033374630906632,0.3010168665234736,0.8763212845907737,0.04811308583031822,0.4079572059415397,0.5937140004362045
fin_flag_number,0.6013895488206938,0.2960334537439915,0.8722978088578621,0.0535466101895178,0.40664200189637884,0.5917907816498653
rst_count,0.5931568096563608,0.2970296042183776,0.8814627874665325,0.02587703576607662,0.40108339668534876,0.5836623386610615
fin_count,0.5882853941651474,0.27800518156072546,0.8761762130319671,0.0417546286526402,0.3977943177137056,0.578852577308033
Number,0.5850693428807336,0.18695631187344963,1.0,0.00823842812099419,0.39562291365143903,0.575677205231073
Tot size,0.5814712908966825,0.24816429641804694,0.9057766972231536,0.02985908360816547,0.39319359830236417,0.5721246415609699
AVG,0.5796423974777851,0.24816429641804694,0.9057766972231536,0.02602383802255146,0.39195877764532144,0.5703188606894419
Std,0.510728110314602,0.12316232240173598,0.9134827123593341,0.009799650043336813,0.3454310232962579,0.5022709513108307
HTTPS,0.4630796984038284,0.1261035383859708,0.8193332717358984,0.002428797281104674,0.31326255484056453,0.45521641363708815
Max,0.45794567678030046,0.027977854024736168,0.9014597586532205,0.015001832705544898,0.30979654176405996,0.4501461293642886
Variance,0.45446340946669694,0.004233403971739555,0.9241966465881835,0.010435086327381523,0.30744564765916804,0.4467070655255395
Time_To_Live,0.4396602864663844,0.1054577430586636,0.7944715972313331,0.0010883570635108247,0.29745206902105653,0.43208734941738103
IPv,0.4392499418041023,0.048964252090212504,0.8550573868299024,0.00013550373370705538,0.2971750473460099,0.4316820830281067
LLC,0.4392190180671577,0.048964252090212504,0.8550573868299018,7.066326490220196e-05,0.2971541708862093,0.43165154197915856
ARP,0.4276224735514672,0.026688857562580468,0.8550573868299016,1.2565404864573278e-05,0.2893254393430964,0.4201983821348432
Min,0.42280604527882226,0.08899984167489623,0.7720904655262274,0.00643133812736605,0.28607393035015893,0.41544143291127006
DNS,0.32574539486177667,0.029522545577802012,0.6419596322834537,3.1351769600650594e-05,0.22055228167046237,0.31957022962479203
IGMP,0.2528652698475662,0.000474174643882596,0.5228466664485294,0.0,0.17135735755323123,0.24757173555247045
HTTP,0.24587193099824087,0.0657127432202731,0.43820888596877794,0.00036754725279888265,0.1666369287386141,0.24066247684095043
Rate,0.1756075470057511,0.01509697327913944,0.34015627055888914,0.007898834685781234,0.11921073327293037,0.1712378367585904
DHCP,0.14454865422580868,0.0037798684438569248,0.29600938996593645,8.778457189366111e-06,0.09824785730633066,0.1405472150217159
SSH,0.047004064312483336,0.003206498918867897,0.09555295761698132,1.3476832747065458e-05,0.03241464513991153,0.04414758895794272
IAT,0.0345428109742257,0.061135277986320416,0.0009481508599525372,0.007018302182528782,0.024004879804837353,0.031831331919380486
IRC,0.03199053127536364,0.0008471464905496354,0.06714715638026723,0.0,0.02228242542368802,0.02930871440639347
ece_flag_number,0.012601336972249846,0.001281551591843176,0.02671802967342373,0.0,0.0091973781961491,0.010144463433795341
SMTP,0.007111366290421682,0.0006470659631220421,0.01608194250881132,0.0,0.0054924388742904175,0.004718057784520865
Telnet,0.00646046087000615,0.0006390690970487609,0.014748912094192702,0.0,0.005053172598085802,0.00407468509300387
cwr_flag_number,0.002338087068574682,0.0006011804666638554,0.0062927970759837516,0.0,0.0022711766791006483,0.0
