,precision,recall,f1-score,support
BACKDOOR_MALWARE,0.007194244604316547,0.037037037037037035,0.012048192771084338,27.0
BENIGN,0.6412604781123875,0.8151144435674822,0.7178105994787142,10136.0
BROWSERHIJACKING,0.013888888888888888,0.018867924528301886,0.016,53.0
COMMANDINJECTION,0.010416666666666666,0.02127659574468085,0.013986013986013986,47.0
DDOS-ACK_FRAGMENTATION,0.985244040862656,0.9841269841269841,0.9846851956891662,2646.0
DDOS-HTTP_FLOOD,0.6594202898550725,0.6765799256505576,0.6678899082568808,269.0
DDOS-ICMP_FLOOD,0.9995295331754993,0.9984082709274474,0.9989685874198001,65966.0
DDOS-ICMP_FRAGMENTATION,0.9638009049773756,0.9761215629522432,0.9699221090473338,4146.0
DDOS-PSHACK_FLOOD,0.999707150843938,0.9964706506740261,0.9980862770114026,37684.0
DDOS-RSTFINFLOOD,0.994723449845989,0.9989240948948303,0.996819346959591,37178.0
DDOS-SLOWLORIS,0.2944,0.8761904761904762,0.4407185628742515,210.0
DDOS-SYNONYMOUSIP_FLOOD,0.436711918826665,0.8462142490411042,0.5761077413385423,33111.0
DDOS-SYN_FLOOD,0.5252284194736124,0.20619412174099255,0.2961325542057512,37358.0
DDOS-TCP_FLOOD,0.6484748191620036,0.9240549410477695,0.7621176730057844,41135.0
DDOS-UDP_FLOOD,0.734701337542577,0.8915997902972134,0.805582124085663,49594.0
DDOS-UDP_FRAGMENTATION,0.9758620689655172,0.975114854517611,0.9754883186518575,2612.0
DICTIONARYBRUTEFORCE,0.009900990099009901,0.008264462809917356,0.009009009009009009,121.0
DNS_SPOOFING,0.43874172185430466,0.3183183183183183,0.3689523146536721,1665.0
DOS-HTTP_FLOOD,0.7767379679144385,0.8581979320531757,0.8154385964912281,677.0
DOS-SYN_FLOOD,0.5169856699068043,0.2775894538606403,0.3612239182187369,18585.0
DOS-TCP_FLOOD,0.554559907501084,0.15649726731381025,0.24410726214333428,24518.0
DOS-UDP_FLOOD,0.7270428802588996,0.4720288903479974,0.5724181861613186,30460.0
MIRAI-GREETH_FLOOD,0.9790725326991676,0.9004811898512686,0.9381337586874786,9144.0
MIRAI-GREIP_FLOOD,0.8778636121470431,0.9635964912280702,0.9187343183718986,6840.0
MIRAI-UDPPLAIN,0.991921664626683,0.9931372549019608,0.9925290875688916,8160.0
MITM-ARPSPOOFING,0.5563957151858853,0.3117937853107345,0.39963792713283547,2832.0
RECON-HOSTDISCOVERY,0.576427255985267,0.49761526232114467,0.5341296928327645,1258.0
RECON-OSSCAN,0.2468354430379747,0.04441913439635535,0.07528957528957529,878.0
RECON-PINGSWEEP,0.011627906976744186,0.05263157894736842,0.01904761904761905,19.0
RECON-PORTSCAN,0.36910994764397903,0.18675496688741722,0.24802110817941952,755.0
SQLINJECTION,0.014705882352941176,0.0425531914893617,0.02185792349726776,47.0
UPLOADING_ATTACK,0.0,0.0,0.0,13.0
VULNERABILITYSCAN,0.4098360655737705,0.3765932792584009,0.392512077294686,3452.0
XSS,0.01092896174863388,0.04878048780487805,0.017857142857142856,41.0
accuracy,0.756976348181458,0.756976348181458,0.756976348181458,0.756976348181458
macro avg,0.5282134805092881,0.5221043785305758,0.504743021241727,431637.0
weighted avg,0.7588485413965669,0.756976348181458,0.7330501842692412,431637.0
